"season","yr","mnth","holiday","weekday","workingday","weathersit","temp","atemp","hum","windspeed","cnt","predictions"
"4","1","11","0","5",1,"1",0.361667,0.355413,0.540833,0.214558,5992,5632.28201822511
"2","0","5","0","1",1,"1",0.5325,0.525246,0.58875,0.176,4362,4437.05379881768
"2","1","5","0","3",1,"2",0.621667,0.584612,0.774583,0.102,5260,5764.2653445166
"2","1","4","0","0",0,"1",0.606667,0.573875,0.507917,0.225129,7132,6867.70460415921
"4","0","10","0","3",1,"2",0.484167,0.472846,0.720417,0.148642,3894,4026.18977142857
"4","0","9","0","2",1,"2",0.636667,0.574525,0.885417,0.118171,4120,4079.5738475913
"3","0","7","0","3",1,"1",0.72,0.685633,0.743333,0.149883,4629,4606.49025296633
"4","0","11","0","4",1,"1",0.408333,0.405921,0.702083,0.136817,3974,3766.9053800905
"3","1","8","0","0",0,"2",0.635833,0.603554,0.711667,0.08645,4549,5608.8901991453
"4","0","10","0","2",1,"1",0.484167,0.472858,0.71,0.205854,4456,4471.43860826199
"2","1","5","0","2",1,"2",0.581667,0.557471,0.685833,0.296029,5728,5677.62386092796
"4","0","11","0","6",0,"1",0.375833,0.385087,0.681667,0.0684208,3068,3286.21767368024
"3","1","8","0","1",1,"1",0.720833,0.662254,0.545417,0.136212,6883,6879.13596471437
"1","0","2","0","0",0,"1",0.285833,0.291671,0.568333,0.1418,1623,1765.89791821789
"2","0","4","1","5",0,"1",0.446667,0.441913,0.67125,0.226375,3126,3277.91478888889
"2","1","4","0","0",0,"1",0.458333,0.450121,0.587083,0.116908,6304,6137.71731428571
"4","1","11","0","3",1,"2",0.295833,0.274621,0.5475,0.304108,5035,4885.44617039823
"1","1","1","0","2",1,"2",0.373043,0.364278,0.716087,0.34913,2935,3225.65161471612
"3","1","8","0","4",1,"1",0.695833,0.637008,0.635833,0.0845958,7765,7590.50394924979
"4","0","11","0","2",1,"3",0.416667,0.421696,0.9625,0.118792,1607,2040.89477368024
"4","1","12","0","4",1,"2",0.33,0.335217,0.667917,0.132463,4128,4467.80115366023
"3","1","7","0","6",0,"1",0.861667,0.804913,0.492083,0.163554,4840,5283.60995037348
"1","1","2","0","0",0,"1",0.279167,0.268308,0.41,0.205229,3389,3270.88888672439
"2","0","4","0","4",1,"1",0.459167,0.453892,0.407083,0.325258,4189,3993.62305606061
"1","1","2","0","3",1,"2",0.256667,0.266421,0.722917,0.133721,2802,2937.95116120836
"2","1","6","0","5",1,"1",0.639167,0.599754,0.589583,0.176617,7665,7465.90436424785
"2","1","5","0","0",0,"1",0.620833,0.583967,0.530417,0.254367,7129,6848.05037132506
"3","1","7","0","1",1,"2",0.710833,0.654054,0.683333,0.180975,6569,6548.81207801643
"4","0","12","0","5",1,"1",0.290833,0.317542,0.695833,0.0827167,3620,3593.536580146
"3","1","8","0","6",0,"1",0.793333,0.751267,0.613333,0.257458,6824,6464.53603593074
"2","0","5","0","0",0,"2",0.451667,0.448204,0.762083,0.106354,3351,3501.23974444444
"1","0","2","0","3",1,"2",0.134783,0.144283,0.494783,0.188839,1605,1589.76768396559
"4","1","11","0","3",1,"1",0.289167,0.281563,0.552083,0.199625,5495,5296.84206732535
"2","1","6","0","3",1,"1",0.7825,0.720975,0.592083,0.113812,6211,6401.38778623377
"1","1","1","0","2",1,"1",0.308696,0.318826,0.646522,0.187552,3598,3778.67419215994
"3","0","9","1","1",0,"2",0.673333,0.625646,0.790417,0.212696,3351,3944.14947435897
"3","0","7","0","0",0,"1",0.719167,0.669833,0.604167,0.245033,5302,4982.5504345283
"1","1","1","0","5",1,"1",0.274167,0.249362,0.5075,0.378108,3214,2932.65819224399
"1","0","2","0","2",1,"1",0.220833,0.198246,0.537917,0.36195,1530,1550.25621208514
"1","1","3","0","6",0,"1",0.2875,0.277767,0.350417,0.22575,4118,3786.23896624945
"1","1","1","0","3",1,"1",0.294167,0.294821,0.64375,0.161071,4270,4023.80205077338
"4","0","10","0","5",1,"1",0.510833,0.504404,0.684167,0.0223917,4985,4981.63397915221
"4","1","11","0","5",1,"1",0.355,0.356042,0.522083,0.266175,5847,5661.76086950716
"2","1","6","0","6",0,"1",0.710833,0.648367,0.437083,0.144287,7498,7332.98108061543
"4","1","10","0","3",1,"2",0.6575,0.599133,0.79375,0.0665458,7572,6869.95215787546
"1","0","2","0","1",1,"1",0.415,0.39835,0.375833,0.417908,1913,2282.02858513709
"1","1","2","0","1",1,"1",0.282609,0.296426,0.622174,0.1538,3784,3812.46088908507
"1","0","1","0","6",0,"1",0.0591304,0.0790696,0.4,0.17197,981,1144.22898127706
"3","0","7","0","2",1,"1",0.794167,0.739275,0.559167,0.200254,4258,4428.23970954471
"1","1","1","0","5",1,"1",0.334167,0.340267,0.542083,0.167908,4098,4037.61747106714
"2","1","5","0","0",0,"1",0.6125,0.585238,0.57625,0.225117,6118,6501.23254989648
"2","0","4","0","4",1,"1",0.4675,0.462742,0.540417,0.1107,3267,3748.62279004329
"4","1","12","0","3",1,"2",0.2975,0.297338,0.538333,0.162937,5319,5118.5255501332
"2","1","5","0","0",0,"2",0.5625,0.546737,0.74,0.149879,6359,6121.92046746032
"3","1","9","0","5",1,"1",0.703333,0.657204,0.73625,0.171646,7504,7147.8618078007
"3","1","9","0","4",1,"2",0.696667,0.655329,0.810417,0.142421,6203,6140.72273565324
"2","1","4","0","1",1,"1",0.489167,0.476638,0.3175,0.358196,5585,5691.50759707582
"2","1","6","0","5",1,"1",0.649167,0.597862,0.467917,0.175383,7736,7498.27986049604
"3","0","6","0","6",0,"1",0.695,0.643313,0.483333,0.209571,5202,5249.64323161152
"4","0","12","0","0",0,"1",0.220833,0.253154,0.49,0.0665417,2743,2843.70479955437
"2","0","4","0","3",1,"1",0.595,0.564392,0.614167,0.241925,3944,4218.69878943556
"2","0","3","0","5",1,"1",0.264167,0.256312,0.495,0.230725,2210,2306.2294029304
"1","0","1","0","6",0,"1",0.196522,0.212126,0.651739,0.145365,1098,1149.17467954545
"2","0","5","0","6",0,"1",0.6025,0.571975,0.626667,0.12065,5805,5417.62393195595
"3","0","9","0","5",1,"2",0.65,0.578946,0.897917,0.124379,3544,3688.34578749029
"3","1","9","0","2",1,"1",0.5775,0.554292,0.52,0.0920542,7767,7536.24619422322
"4","0","10","0","1",1,"1",0.34,0.356063,0.703333,0.10635,3669,3618.92995518207
"3","1","6","0","4",1,"1",0.749167,0.675512,0.4225,0.17165,6879,6916.07284829833
"3","1","7","0","2",1,"2",0.720833,0.664796,0.6675,0.151737,6290,6609.07547093462
"4","1","10","0","1",1,"1",0.4875,0.482942,0.568333,0.0814833,7058,6787.95072832785
"4","0","10","0","5",1,"2",0.550833,0.529675,0.71625,0.223883,3644,3983.59048705739
"3","1","9","0","3",1,"1",0.736667,0.708983,0.74125,0.187808,7112,6924.3258925643
"2","0","5","0","3",1,"1",0.660833,0.615542,0.69625,0.154233,4978,4838.7012780822
"4","0","11","0","5",1,"1",0.375,0.380671,0.64375,0.0988958,2792,3229.5135789916
"2","1","5","0","2",1,"2",0.613333,0.577021,0.659583,0.156096,5740,5989.76065714286
"3","1","9","0","5",1,"1",0.599167,0.571971,0.66875,0.154229,8167,7842.67751330709
"2","1","5","0","6",0,"1",0.564167,0.544817,0.480417,0.123133,7429,7341.89272669386
"3","1","9","0","1",1,"1",0.583333,0.565654,0.50375,0.258713,7525,7452.39428766021
"3","1","7","0","0",0,"1",0.721667,0.667933,0.62375,0.170396,6597,6512.5089476615
"2","1","5","0","5",1,"1",0.6275,0.590917,0.735417,0.162938,6296,6521.64530199071
"2","0","4","0","3",1,"2",0.4125,0.417283,0.819167,0.250617,2162,2462.94321919192
"4","0","11","0","6",0,"1",0.356667,0.357942,0.552917,0.212062,4067,3666.85435751862
"1","0","2","0","0",0,"1",0.285217,0.27733,0.407826,0.223235,1812,1867.45704123377
"4","0","10","0","1",1,"1",0.534167,0.510725,0.579583,0.175379,4570,4623.42541025648
"1","1","12","0","0",0,"1",0.255833,0.2317,0.483333,0.350754,1796,1940.09893809524
"4","0","10","0","0",0,"1",0.540833,0.523983,0.7275,0.06345,5511,5168.05514802631
"2","0","5","0","1",1,"2",0.631667,0.590296,0.81,0.233842,4274,4218.53724362304
"1","1","3","0","6",0,"2",0.514167,0.505046,0.755833,0.110704,7836,6900.38927857143
"4","0","10","0","3",1,"3",0.543333,0.517717,0.90625,0.24815,2416,2758.74440416667
"1","0","2","0","4",1,"1",0.435833,0.428658,0.505,0.230104,2475,2803.20482178932
"2","1","5","0","2",1,"2",0.611667,0.576404,0.794583,0.147392,5115,5382.6642952381
"2","1","5","0","5",1,"1",0.68,0.627529,0.747083,0.14055,6734,6625.15574960976
"4","0","10","0","6",0,"1",0.4225,0.425492,0.629167,0.0926667,4308,4136.23479193421
"2","1","6","0","2",1,"1",0.688333,0.654692,0.69,0.148017,6825,6765.07773273919
"3","0","8","0","2",1,"1",0.783333,0.707071,0.49125,0.20585,4845,4711.57598930392
"4","0","12","0","1",1,"2",0.385833,0.393925,0.827083,0.0622083,3811,3651.16647538409
"4","0","12","0","1",1,"1",0.238333,0.270196,0.670833,0.06345,3310,3259.31387459044
"1","0","2","0","6",0,"1",0.2225,0.232954,0.544167,0.203367,1472,1514.10634722222
"1","0","1","0","6",0,"2",0.344167,0.363625,0.805833,0.160446,985,1356.52349191919
"4","1","10","0","2",1,"2",0.318182,0.309909,0.825455,0.213009,1096,2618.23118910256
"3","1","8","0","0",0,"1",0.700833,0.644579,0.530417,0.122512,6544,6676.6817574517
"3","1","9","0","3",1,"1",0.5525,0.540404,0.536667,0.215175,7591,7451.02882876028
"3","0","8","0","0",0,"1",0.710833,0.675525,0.77,0.248754,3873,4081.50496048535
"4","0","10","0","4",1,"1",0.475833,0.466525,0.63625,0.422275,4195,4081.38996985171
"3","1","7","0","4",1,"1",0.776667,0.739263,0.596667,0.284813,6861,6565.42011496316
"1","1","1","0","3",1,"2",0.1075,0.119337,0.414583,0.1847,2368,2439.26038074703
"2","1","3","0","1",1,"1",0.445833,0.43875,0.477917,0.386821,5558,5364.47959567263
"2","0","3","0","0",0,"2",0.253043,0.250339,0.493913,0.1843,1693,1944.53199523809
"2","1","4","0","5",1,"1",0.4575,0.452637,0.400833,0.347633,6233,6069.93967405995
"4","0","11","0","3",1,"2",0.440833,0.430537,0.757917,0.335825,2566,2832.60588927739
"1","0","12","0","3",1,"2",0.428333,0.428017,0.858333,0.2214,2660,2718.97535873016
"1","0","2","0","5",1,"1",0.521667,0.511983,0.516667,0.264925,2927,3310.17332272727
"1","0","12","0","2",1,"2",0.325,0.327633,0.7625,0.18845,1162,1713.53351883117
"4","1","10","0","4",1,"1",0.435,0.431167,0.463333,0.181596,7570,6863.6252151094
"3","0","8","0","2",1,"1",0.639167,0.594704,0.548333,0.125008,5204,5182.51932573479
"1","1","3","0","4",1,"1",0.5575,0.532825,0.579583,0.149883,6192,6193.74804645518
"3","0","9","0","0",0,"1",0.709167,0.665429,0.742083,0.206467,4940,4775.56276468703
"3","0","8","0","0",0,"1",0.7425,0.715292,0.752917,0.201487,3785,4089.5596065171
"2","0","5","0","0",0,"2",0.5625,0.536,0.867083,0.152979,4553,4367.9077025974
"4","1","12","0","6",0,"2",0.381667,0.389508,0.91125,0.101379,5582,4930.41720396826
"4","1","12","0","4",1,"1",0.255833,0.258204,0.50875,0.174754,5375,4747.09848459596
"1","1","1","0","4",1,"2",0.3825,0.381938,0.802917,0.180967,4097,3939.41054913171
"1","1","2","0","0",0,"1",0.1275,0.101658,0.464583,0.409212,1529,1875.47075714286
"4","1","10","0","3",1,"1",0.514167,0.503142,0.630833,0.187821,7691,7289.34783380195
"3","1","7","0","3",1,"1",0.793333,0.745583,0.577083,0.137442,5713,6076.23373366447
"2","1","4","0","3",1,"1",0.348696,0.337274,0.469565,0.295274,4862,4955.37720951242
"1","0","12","0","4",1,"2",0.423333,0.426121,0.7575,0.047275,3068,3061.71897777778
"2","0","5","0","2",1,"1",0.5325,0.522721,0.489167,0.115671,4803,4807.39584890812
"1","0","3","0","0",0,"2",0.376522,0.366252,0.948261,0.343287,605,1304.83280497835
"1","0","12","0","0",0,"1",0.274783,0.279961,0.681304,0.155091,754,1331.98419011544
"4","1","12","0","1",1,"2",0.393333,0.4015,0.907083,0.0982583,4585,4655.6152984127
"2","0","5","0","3",1,"2",0.414167,0.40465,0.737083,0.328996,2633,2782.59142620946
"1","0","3","0","5",1,"1",0.54,0.527009,0.525217,0.231017,3239,3494.60091796537
"3","0","8","0","6",0,"2",0.716667,0.676154,0.755,0.22825,4294,4269.80572839938
"3","0","7","0","3",1,"1",0.746667,0.689404,0.631667,0.146133,4342,4470.76404302235
"1","0","1","0","3",1,"2",0.292174,0.298422,0.741739,0.208317,1650,1695.6851132946
"4","0","9","0","5",1,"1",0.564167,0.544829,0.6475,0.206475,5202,4958.99911562962
"1","1","2","0","3",1,"1",0.395833,0.392667,0.567917,0.234471,4773,4532.87146766499
"3","1","6","0","2",1,"1",0.630833,0.594704,0.373333,0.347642,7442,7149.41990450644
"1","1","2","0","4",1,"1",0.454167,0.444446,0.554583,0.190913,5062,4857.24541278329
"1","1","2","0","2",1,"1",0.354167,0.361104,0.49625,0.147379,4375,4219.55473631578
"3","1","8","0","4",1,"1",0.755833,0.699508,0.620417,0.1561,7286,7120.09259340061
"1","0","1","0","0",0,"1",0.231667,0.234217,0.48375,0.188433,1204,1334.66667848219
"4","1","11","0","5",1,"1",0.298333,0.323867,0.649583,0.0584708,5668,5352.00625952482
"2","0","5","0","3",1,"2",0.55,0.527158,0.87,0.201492,3855,3875.70658741814
"2","1","5","0","1",1,"2",0.573333,0.5499,0.789583,0.212692,2843,4199.17075934066
"3","0","8","0","3",1,"1",0.723333,0.666671,0.575417,0.143667,4694,4735.32679068276
"1","1","2","0","1",1,"1",0.366667,0.357954,0.490833,0.268033,4322,4117.33953619907
"1","1","2","0","6",0,"1",0.290833,0.255675,0.395833,0.421642,2732,2893.16261870255
"2","0","5","0","5",1,"1",0.536667,0.529042,0.719583,0.125013,4917,4767.69693168971
"2","0","5","0","5",1,"1",0.479167,0.474117,0.59,0.228246,4608,4565.55221202669
"4","1","11","0","0",0,"1",0.3425,0.337746,0.692917,0.227612,4669,4662.98941005857
"2","1","5","0","2",1,"2",0.615,0.580825,0.765833,0.118167,6073,5882.18421515152
"3","1","8","0","6",0,"2",0.6925,0.638267,0.732917,0.206479,6299,6335.26876090576
"4","0","9","0","3",1,"2",0.635,0.575158,0.84875,0.148629,3907,4012.08009218004
"3","1","8","0","0",0,"2",0.653333,0.595996,0.845833,0.228858,5255,5149.28551880342
"2","1","5","0","6",0,"1",0.6925,0.642696,0.7325,0.198992,6536,6515.51539195997
"3","1","9","0","0",0,"1",0.58,0.563125,0.57,0.0901833,7333,7351.08643275515
"2","1","5","0","5",1,"1",0.564167,0.551121,0.523333,0.136817,7639,7268.74061853168
"2","1","4","0","0",0,"2",0.425833,0.417287,0.67625,0.172267,6041,5503.34604588745
"1","0","12","0","6",0,"1",0.3025,0.299242,0.5425,0.190304,1011,1560.55170241703
"2","0","5","0","6",0,"1",0.52,0.512621,0.54125,0.16045,4714,4849.50167460317
"1","0","2","0","4",1,"1",0.144348,0.149548,0.437391,0.221935,1538,1573.99551129149
"3","1","7","0","0",0,"1",0.815833,0.750629,0.51875,0.168529,5531,5678.46208174604
"4","0","11","0","2",1,"1",0.400833,0.397088,0.68375,0.135571,4068,3841.89510390002
"1","1","2","0","5",1,"1",0.343333,0.351629,0.634583,0.205846,4154,4074.97351369673
"4","1","10","1","1",0,"2",0.383333,0.387608,0.709583,0.189679,5478,4782.21833333334
"4","0","11","0","6",0,"1",0.326667,0.323854,0.519167,0.189062,3926,3712.80789085196
"1","1","3","0","5",1,"2",0.435833,0.436229,0.842083,0.113192,4378,4555.73860735931
"2","0","4","0","3",1,"2",0.62,0.575142,0.835417,0.3122,3872,3908.04548222333
"3","1","7","0","2",1,"1",0.818333,0.755683,0.505833,0.114429,6786,6316.69353008667
"2","1","4","0","6",0,"1",0.495,0.487996,0.502917,0.190917,7460,6782.22472979961
"4","0","12","0","5",1,"1",0.314167,0.331433,0.625833,0.100754,3940,3722.61392112724
"4","0","12","0","4",1,"2",0.4225,0.412237,0.634167,0.268042,3709,3656.62801731994
"1","0","3","0","0",0,"1",0.384348,0.380091,0.527391,0.270604,2417,2264.56788510101
"2","1","4","0","3",1,"2",0.463333,0.457038,0.569167,0.167912,4367,4936.30217380952
"2","0","6","0","5",1,"1",0.649167,0.600383,0.735833,0.143029,4844,4847.79262888859
"4","1","10","0","2",1,"3",0.590833,0.542333,0.871667,0.104475,4639,4577.87966666667
"3","1","8","0","0",0,"1",0.769167,0.731079,0.6525,0.290421,5464,5911.19887301587
"2","1","3","0","5",1,"2",0.37,0.375621,0.580833,0.138067,5459,4951.09417229437
"3","1","8","0","1",1,"1",0.703333,0.654688,0.730417,0.128733,6917,6820.9530047526
"3","0","8","0","1",1,"1",0.691667,0.638254,0.47,0.27675,4758,4773.11862861566
"2","1","4","0","6",0,"2",0.376667,0.377504,0.489583,0.129975,4220,4579.79336969697
"4","1","12","0","6",0,"2",0.298333,0.316904,0.806667,0.0597042,5191,4841.60606642247
"1","0","3","0","1",1,"1",0.325217,0.332,0.496957,0.136926,2046,2132.98335238095
"3","1","6","0","5",1,"1",0.7775,0.724121,0.57375,0.182842,5823,6194.97158473836
"1","0","1","0","6",0,"2",0.233333,0.248112,0.49875,0.157963,1248,1416.71957887902
"3","1","7","0","1",1,"1",0.763333,0.724125,0.645,0.164187,6830,6728.07296432824
"4","0","10","0","5",1,"1",0.4275,0.423596,0.574167,0.221396,4304,4108.4195885154
"1","0","3","0","4",1,"1",0.198333,0.200133,0.318333,0.225754,1685,1747.0405781746
"4","1","11","0","3",1,"1",0.353333,0.364892,0.61375,0.103246,5146,5140.77468809413
"1","0","2","0","5",1,"2",0.211304,0.228587,0.585217,0.127839,1708,1644.41886304207
"1","1","1","1","1",0,"1",0.19,0.190663,0.5225,0.231358,2298,2390.72648888889
"3","1","8","0","2",1,"1",0.649167,0.601025,0.67375,0.0727708,7006,7012.56410128349
"4","1","12","0","4",1,"1",0.295833,0.294188,0.485833,0.174129,5532,5271.42366771467
"3","1","9","0","4",1,"1",0.6125,0.579558,0.637083,0.0827208,7804,7701.72206725314
"1","0","1","0","1",1,"2",0.180833,0.18625,0.60375,0.187192,1501,1512.44426977102
"1","0","1","0","5",1,"2",0.203478,0.223317,0.793043,0.1233,1167,1250.06922375636
"3","1","6","0","1",1,"1",0.715833,0.654042,0.504167,0.300383,6779,6797.62644551314
"2","0","5","0","6",0,"1",0.655833,0.612379,0.729583,0.230092,4758,4876.92232427409
"3","1","7","0","1",1,"1",0.741667,0.690017,0.694167,0.138683,6966,6907.004173347
"4","0","10","0","2",1,"2",0.566667,0.546096,0.80875,0.143042,4563,4385.0758952381
"4","0","11","0","3",1,"1",0.325,0.311221,0.613333,0.271158,3613,3573.27373082309
"2","1","6","0","1",1,"2",0.568333,0.544842,0.777917,0.174746,5099,5196.27457936508
"4","0","9","0","0",0,"2",0.634167,0.572637,0.845,0.0503792,5010,4712.88007142857
"2","0","4","0","0",0,"1",0.378333,0.378767,0.48,0.182213,3249,3060.27193333333
"3","1","7","0","4",1,"1",0.715833,0.654683,0.529583,0.146775,7446,7191.22611031931
"4","0","10","0","4",1,"2",0.47,0.457046,0.812917,0.197763,2659,3215.35205
"4","1","10","0","0",0,"2",0.415833,0.419813,0.708333,0.141162,3510,4398.02558333333
"3","0","8","0","1",1,"1",0.636667,0.607958,0.554583,0.159825,4634,4740.11784703196
"1","0","2","0","3",1,"2",0.26,0.254417,0.775417,0.264308,1526,1650.49640759475
"1","1","3","0","1",1,"1",0.466667,0.459592,0.489167,0.207713,5298,5229.17664805358
"3","1","7","0","0",0,"1",0.745833,0.705196,0.717917,0.166667,6031,6281.16504891775
"3","1","9","0","6",0,"1",0.608333,0.585867,0.501667,0.247521,8714,8041.55435476191
"3","0","8","0","5",1,"1",0.710833,0.656567,0.630833,0.184696,4866,4797.18674941847
"2","0","4","0","1",1,"1",0.5125,0.503146,0.5425,0.163567,3429,3836.45398863636
"3","1","7","0","1",1,"1",0.730833,0.684987,0.66875,0.153617,7105,6964.34381274094
"1","1","12","0","3",1,"3",0.243333,0.220333,0.823333,0.316546,441,1410.12531904762
"3","0","7","0","4",1,"1",0.779167,0.7399,0.583333,0.178479,4390,4472.45723407019
"2","1","5","0","3",1,"2",0.575,0.553025,0.744167,0.216412,4717,5088.50370299145
"4","0","12","0","0",0,"1",0.330833,0.3491,0.775833,0.0839583,3485,3471.86424979857
"2","0","4","0","4",1,"1",0.4375,0.433696,0.602917,0.162312,3141,3290.21401746032
"3","0","8","0","5",1,"1",0.708333,0.654042,0.415,0.125621,4905,4970.99480279148
"4","1","10","0","3",1,"1",0.5875,0.558721,0.63625,0.0727792,7693,7527.06845693568
"1","0","2","0","2",1,"1",0.182222,0.186033,0.577778,0.195683,1450,1515.51743113276
"1","0","2","0","5",1,"2",0.364348,0.350461,0.712174,0.346539,1461,1787.38937266361
"4","1","10","0","6",0,"1",0.393333,0.391396,0.494583,0.146142,7109,6284.68885714286
"3","0","8","0","5",1,"2",0.685,0.633221,0.722917,0.139308,4153,4291.41003672439
"3","0","7","0","1",1,"1",0.746667,0.703925,0.65125,0.215804,4458,4428.83860636725
"2","1","4","0","4",1,"1",0.498333,0.493046,0.6125,0.0659292,6565,6551.46513359819
"2","1","5","0","6",0,"2",0.621667,0.584608,0.756667,0.152992,6883,6388.58944084968
"1","1","3","0","5",1,"2",0.410833,0.397083,0.407083,0.4148,4569,4233.90398116883
"3","0","9","0","2",1,"1",0.650833,0.603554,0.7125,0.141804,4763,4828.82966817707
"3","0","7","0","3",1,"1",0.768333,0.74685,0.707083,0.113817,4332,4426.45316036383
"4","1","12","0","5",1,"2",0.320833,0.321958,0.764167,0.1306,5008,4850.32193505383
"4","0","12","0","2",1,"2",0.385833,0.396454,0.595417,0.0615708,3750,3715.90424314966
"1","0","12","0","5",1,"1",0.373333,0.377513,0.68625,0.274246,2209,2255.26442077922
"3","1","7","0","3",1,"1",0.716667,0.650271,0.633333,0.151733,7264,7179.11698535539
"1","0","3","0","3",1,"2",0.365217,0.36693,0.776522,0.203117,2192,2081.67418335232
"1","0","1","0","0",0,"2",0.363478,0.353739,0.696087,0.248539,801,1314.17438160173
"2","0","4","0","2",1,"1",0.631667,0.594083,0.729167,0.3265,4400,4358.15220484173
"2","0","5","0","3",1,"1",0.5425,0.5284,0.632917,0.120642,4182,4485.85974283477
"1","1","1","1","1",0,"1",0.273043,0.252304,0.381304,0.329665,1951,2481.55002164502
"4","1","12","0","0",0,"2",0.384167,0.390146,0.905417,0.157975,3228,3936.84420952381
"3","1","9","0","4",1,"1",0.546667,0.532192,0.618333,0.118167,7720,7506.6529421694
"2","1","5","0","2",1,"1",0.7225,0.672992,0.684583,0.2954,5743,6065.49297119778
"2","0","6","0","0",0,"2",0.648333,0.616804,0.6525,0.138692,4906,4795.04678412698
"1","1","3","0","3",1,"1",0.5725,0.548617,0.507083,0.115062,6312,6259.93544309775
"3","0","7","0","6",0,"1",0.686667,0.638263,0.585,0.208342,5923,5450.94309804337
"3","0","8","0","1",1,"1",0.765,0.703283,0.592083,0.192175,4326,4402.0363533939
"2","1","4","0","5",1,"1",0.403333,0.390767,0.377083,0.300388,6460,5963.27068227232
"3","1","7","0","5",1,"1",0.828333,0.752533,0.450833,0.146142,6207,5997.05264045082
"1","1","12","0","4",1,"2",0.254167,0.226642,0.652917,0.350133,2114,2283.83421532091
"3","0","8","0","2",1,"1",0.640833,0.606067,0.455417,0.146763,5895,5357.2759304967
"4","1","11","0","1",1,"1",0.319167,0.308075,0.494167,0.236325,5259,5155.8423591453
"4","1","9","0","1",1,"1",0.514167,0.502513,0.492917,0.142404,7436,7195.94211482093
"4","1","12","0","2",1,"1",0.475833,0.469054,0.73375,0.174129,6606,6195.4165590803
"3","0","6","0","3",1,"1",0.733333,0.693829,0.7075,0.172262,4507,4589.03050036647
"4","0","12","0","1",1,"1",0.276667,0.280933,0.6375,0.172896,3403,3385.8250380825
"2","0","3","0","4",1,"2",0.285,0.270833,0.805833,0.243787,1865,1985.28449675325
"1","1","2","0","6",0,"3",0.224167,0.210867,0.73125,0.289796,2169,2016.83391731602
"4","0","11","0","0",0,"2",0.463333,0.457058,0.684583,0.18595,3520,3683.8405047619
"3","0","7","0","3",1,"1",0.775,0.690667,0.402917,0.183463,4656,4670.2087243896
"4","1","10","0","0",0,"1",0.464167,0.456429,0.51,0.166054,6824,6571.35421017741
"3","0","7","1","1",0,"2",0.726667,0.665417,0.637917,0.0814792,6043,5403.68082222222
"4","1","10","0","5",1,"1",0.4375,0.433071,0.539167,0.235092,7282,6771.57542047821
"1","1","1","0","3",1,"1",0.303333,0.275254,0.443333,0.415429,3376,3420.76608445347
"3","1","7","0","2",1,"1",0.750833,0.70645,0.655,0.211454,7592,6975.67057126568
"3","0","9","0","6",0,"1",0.66,0.607962,0.75375,0.153608,5345,5132.88436182404
"3","0","6","0","3",1,"1",0.728333,0.654688,0.497917,0.261821,5225,5086.79423455024
"2","0","6","0","6",0,"1",0.725,0.678038,0.654583,0.15485,4966,4975.8769020264
"3","0","8","0","2",1,"1",0.775,0.724121,0.570417,0.151121,4602,4585.22950093812
"2","0","6","0","0",0,"1",0.6925,0.643325,0.747917,0.163567,4460,4666.4161712291
"4","1","12","0","2",1,"2",0.353333,0.338363,0.596667,0.296037,5501,5014.9561732462
"2","1","3","0","4",1,"1",0.494167,0.482304,0.439167,0.31965,6133,5971.76096472025
"1","1","3","0","1",1,"1",0.545,0.532821,0.72875,0.162317,6153,6063.4653658802
"2","0","6","0","4",1,"2",0.628333,0.595346,0.688333,0.206471,3767,4114.60110141525
"4","1","10","0","6",0,"2",0.53,0.515133,0.72,0.235692,7852,6902.61358076923
"3","0","7","0","6",0,"1",0.733333,0.664158,0.609167,0.167912,5336,5227.56655370414
"2","0","6","0","5",1,"1",0.755,0.703292,0.605,0.140554,4586,4596.37858671207
"4","0","10","0","2",1,"2",0.5325,0.522721,0.701667,0.110087,4748,4637.23038874459
"1","1","1","0","1",1,"1",0.269167,0.262625,0.400833,0.215792,3624,3378.06142763348
"4","1","10","0","1",1,"3",0.44,0.4394,0.88,0.3582,22,2163.31534444444
"4","1","11","0","2",1,"1",0.280833,0.281567,0.567083,0.173513,5686,5230.76014783125
"3","1","8","0","3",1,"2",0.75,0.707717,0.672917,0.1107,7534,7243.21506335886
"3","1","8","0","2",1,"2",0.735833,0.697621,0.70375,0.116908,7273,6976.44187446998
"3","1","9","0","0",0,"1",0.61,0.578925,0.5475,0.224496,8227,7776.28818515406
"4","1","9","0","3",1,"1",0.635,0.596613,0.630833,0.2444,7733,7498.65574064536
"2","1","3","0","6",0,"2",0.424167,0.421708,0.738333,0.250617,6235,5526.56933076923
"1","1","1","0","2",1,"1",0.15,0.126275,0.44125,0.365671,2236,2270.35513333333
"1","1","2","0","2",1,"1",0.359167,0.353525,0.395833,0.193417,4363,4219.17974559804
"2","1","4","0","4",1,"1",0.435,0.431163,0.374167,0.219529,6457,6192.71581306375
"3","1","7","0","5",1,"2",0.731667,0.667933,0.485833,0.08085,7499,7229.01218009768
"4","1","12","0","3",1,"1",0.438333,0.428012,0.485,0.324021,5729,5642.98762002165
"1","0","1","0","2",1,"2",0.223478,0.234526,0.616957,0.129796,1985,1700.40686692109
"2","1","5","0","3",1,"1",0.564167,0.537896,0.797083,0.138058,6169,6177.91704505911
"2","0","3","0","2",1,"1",0.441667,0.440642,0.624583,0.22575,2703,3118.91916464646
"4","1","10","0","5",1,"2",0.563333,0.537896,0.815,0.134954,5424,5623.42193333334
"1","1","3","0","0",0,"1",0.325833,0.303021,0.403333,0.334571,3423,3507.47032598971
"3","0","8","0","3",1,"1",0.766667,0.684983,0.424167,0.200258,4780,4744.40195106438
"2","1","3","0","4",1,"1",0.554167,0.531567,0.83125,0.117562,6871,6398.64787552405
"3","0","7","0","5",1,"1",0.848333,0.840896,0.580417,0.1331,3387,3890.79964200938
"1","1","2","0","5",1,"2",0.280833,0.293558,0.54,0.116929,3831,3766.09652722567
"4","1","11","0","6",0,"1",0.389167,0.393937,0.645417,0.0578458,6536,6013.0435
"1","0","1","0","1",1,"1",0.196364,0.189405,0.437273,0.248309,1349,1486.1758924793
"3","0","6","0","2",1,"1",0.744167,0.692558,0.634167,0.144283,4648,4635.22166696099
"2","0","5","0","5",1,"1",0.681667,0.637008,0.65375,0.240679,4679,4723.69768089606
"2","1","3","0","2",1,"1",0.323333,0.315654,0.29,0.187192,5102,4804.68514340937
"1","1","1","0","4",1,"1",0.19,0.190038,0.4975,0.220158,3292,2798.46422680387
"2","1","6","0","4",1,"1",0.648333,0.624383,0.569583,0.253733,7363,7229.82862341256
"3","0","9","0","6",0,"2",0.491667,0.478512,0.718333,0.189675,4511,4421.52964795205
"3","0","7","0","0",0,"1",0.83,0.794829,0.550833,0.169171,3606,3917.74573131313
"1","0","3","0","2",1,"1",0.266667,0.263879,0.535,0.216425,1851,2002.16360670996
"4","0","11","0","4",1,"2",0.341667,0.323221,0.575833,0.305362,3053,3251.66417802198
"3","0","6","0","4",1,"1",0.696667,0.637008,0.434167,0.185312,5515,5241.45810929013
"2","0","5","0","5",1,"2",0.5125,0.4943,0.863333,0.179725,4105,3970.98701940837
"2","0","4","0","6",0,"3",0.430833,0.425492,0.888333,0.340808,795,1520.8054047619
"3","1","6","0","6",0,"1",0.731667,0.652792,0.534583,0.179721,7458,7276.06122451405
"3","1","9","0","6",0,"2",0.753333,0.702654,0.638333,0.113187,6140,6552.48972332831
"4","0","10","0","4",1,"1",0.494167,0.480425,0.620833,0.134954,4765,4651.71899758378
"1","1","1","0","0",0,"1",0.3375,0.340258,0.465,0.191542,3425,3612.85200614844
"3","1","7","0","5",1,"1",0.781667,0.734217,0.594583,0.152992,6904,6659.25370541135
"2","0","6","0","1",1,"1",0.635,0.601654,0.494583,0.30535,5020,4997.48236390977
"4","1","11","0","2",1,"2",0.291667,0.281558,0.786667,0.237562,3959,3988.16197255441
"2","0","4","0","6",0,"2",0.3425,0.341529,0.8775,0.133083,2455,2363.99882857143
"2","1","4","0","2",1,"1",0.466667,0.461483,0.396667,0.100133,6772,6388.50190174442
"3","1","9","0","0",0,"2",0.696667,0.649,0.815,0.0640708,5810,6045.63011343102
"2","0","5","1","1",0,"1",0.733333,0.671092,0.685,0.131225,4098,4348.95627337662
"3","1","7","0","6",0,"3",0.595833,0.549912,0.865417,0.2133,4459,4404.55761904762
"2","0","6","0","6",0,"1",0.696667,0.643954,0.670417,0.119408,5119,5109.24202340829
"2","1","6","0","5",1,"2",0.654167,0.607962,0.755417,0.237563,4127,5051.58902832723
"2","1","5","0","3",1,"2",0.656667,0.611129,0.67,0.134329,6855,6650.40481106116
"3","0","9","0","1",1,"1",0.644348,0.60213,0.692174,0.088913,4713,4778.59393049458
"1","0","1","0","2",1,"2",0.216667,0.232333,0.861667,0.146775,683,1065.08107476646
"1","0","2","0","0",0,"1",0.316522,0.324113,0.457391,0.260883,1589,1811.32048409091
"4","1","10","0","4",1,"2",0.6575,0.607975,0.722917,0.117546,7328,7045.23854835165
"2","0","4","0","5",1,"2",0.3,0.283454,0.68625,0.258708,2227,2224.77771341991
"1","1","2","0","1",1,"1",0.2225,0.227913,0.41125,0.167283,3422,2970.35591904762
"1","0","2","0","2",1,"2",0.192174,0.23453,0.829565,0.053213,1360,1400.94358775347
"3","1","8","0","4",1,"1",0.706667,0.652779,0.590417,0.0771167,7713,7550.43783993492
"2","0","4","0","5",1,"1",0.51,0.497463,0.457083,0.240063,4595,4386.26070660728
"2","1","3","0","3",1,"2",0.531667,0.513258,0.82125,0.0895583,6230,6129.88938571429
"1","1","1","0","5",1,"2",0.425,0.415383,0.74125,0.342667,3456,3684.87060335249
"2","1","3","0","5",1,"2",0.601667,0.570067,0.694167,0.1163,8362,7304.22485800866
"3","1","6","0","5",1,"1",0.834167,0.786613,0.48875,0.165417,5463,5651.42564206349
"2","0","3","0","3",1,"2",0.3,0.29735,0.646667,0.172888,1536,1997.694115892
"1","0","1","0","5",1,"1",0.1775,0.157833,0.457083,0.353242,1543,1540.07721556733
"1","0","3","0","0",0,"1",0.3325,0.32575,0.47375,0.207721,2471,2242.05147536075
"4","1","11","1","1",0,"1",0.485,0.475383,0.741667,0.173517,6269,6068.27287142857
"3","1","7","0","6",0,"1",0.755833,0.697604,0.613333,0.15735,6685,6741.25713793396
"3","0","7","0","1",1,"1",0.7625,0.729804,0.635833,0.282337,4086,4295.26230477994
"2","1","6","0","2",1,"2",0.653333,0.597875,0.833333,0.214546,4972,5019.41822912088
"1","0","3","0","6",0,"1",0.329167,0.32575,0.594583,0.220775,2132,2180.08228964646
"4","0","11","1","5",0,"1",0.324167,0.306817,0.44625,0.314675,3368,3210.8305
"2","1","4","0","4",1,"1",0.3975,0.387604,0.46625,0.290429,5409,5456.66404166666
"1","1","3","0","0",0,"2",0.4725,0.464,0.81,0.126883,5892,5560.95738333333
"1","0","2","0","0",0,"1",0.343478,0.351109,0.68,0.125248,2402,2169.72606367244
"2","1","4","0","1",1,"2",0.464167,0.457696,0.57,0.171638,5572,5388.15735952381
"2","0","4","0","0",0,"2",0.581667,0.551763,0.810833,0.192175,4191,4201.05242200577
"4","0","11","0","3",1,"3",0.456667,0.451988,0.93,0.136829,1817,2204.40367575758
"1","0","2","0","4",1,"1",0.186957,0.177878,0.437826,0.277752,1550,1586.29758272006
"1","1","12","0","6",0,"1",0.265833,0.236113,0.44125,0.407346,1749,2083.33894285714
"2","1","4","0","5",1,"1",0.526667,0.515775,0.694583,0.149871,7290,6920.89747146177
"3","1","8","0","5",1,"1",0.723333,0.2424,0.570833,0.231354,7148,6562.88020232366
"1","1","2","0","5",1,"2",0.4075,0.410971,0.7375,0.237567,3487,3758.79615573344
"2","1","6","0","6",0,"1",0.631667,0.594708,0.504167,0.166667,7702,7579.64481614298
"2","1","6","0","6",0,"1",0.583333,0.566288,0.549167,0.186562,8120,7773.72562828117
"4","0","10","0","5",1,"2",0.330833,0.318812,0.585833,0.229479,3747,3530.20356153128
"3","1","7","0","0",0,"1",0.8225,0.790396,0.57375,0.125629,4672,5258.83685952381
"4","0","11","0","5",1,"1",0.274167,0.272721,0.41,0.168533,3392,3364.53798295985
"3","1","7","0","0",0,"2",0.6675,0.623125,0.7625,0.0939208,7410,6592.87406884227
"4","1","12","0","3",1,"1",0.3325,0.342162,0.625417,0.184092,5267,5208.89547632551
"4","1","11","0","1",1,"1",0.313333,0.339004,0.535417,0.04665,5087,4864.7228931735
"4","0","10","0","6",0,"1",0.521667,0.513242,0.70125,0.0454042,5409,5269.95084177987
"3","0","8","0","5",1,"1",0.7,0.659733,0.76125,0.0839625,4661,4653.44302836584
"2","0","5","0","1",1,"2",0.549167,0.532833,0.73,0.183454,4401,4380.72173474859
"3","0","7","0","0",0,"1",0.805833,0.729796,0.480833,0.164813,4302,4429.60330480859
"1","0","1","0","3",1,"1",0.226957,0.22927,0.436957,0.1869,1600,1602.35671159907
"2","1","4","0","1",1,"1",0.433913,0.427513,0.504348,0.312139,5936,5880.47877606742
"1","0","1","0","4",1,"2",0.261667,0.25505,0.538333,0.195904,1927,1851.14481565657
"3","0","7","0","6",0,"1",0.738333,0.667308,0.444583,0.115062,5119,5214.28918100462
"1","1","3","0","2",1,"1",0.565,0.542929,0.6175,0.23695,5847,5864.89195637075
"3","1","8","0","1",1,"2",0.7525,0.710246,0.654167,0.129354,7013,6880.69092050172
"4","1","11","0","4",1,"1",0.352174,0.341891,0.333478,0.347835,5315,5122.94897170153
"1","1","3","0","2",1,"1",0.560833,0.538533,0.807917,0.121271,6093,6108.13832895209
"1","0","3","0","4",1,"3",0.389091,0.385668,0,0.261877,623,1422.31150555555
"3","1","8","0","5",1,"1",0.764167,0.6894,0.5875,0.168533,7350,7092.17093289641
"3","1","6","0","0",0,"1",0.743333,0.674254,0.479167,0.145525,6891,6791.2713590612
"4","0","10","0","0",0,"1",0.421667,0.422333,0.74125,0.0995125,4381,4074.17475701358
"2","1","3","0","6",0,"2",0.5025,0.486733,0.885417,0.192783,3372,4279.94841190476
"2","1","4","0","0",0,"1",0.5,0.492425,0.275833,0.232596,5169,5803.39740561661
"2","0","5","0","4",1,"1",0.535,0.523363,0.7475,0.189667,4864,4683.18189957738
"1","0","2","0","5",1,"1",0.189091,0.213509,0.506364,0.10855,1746,1651.1580258658
"2","0","5","0","2",1,"2",0.616667,0.582079,0.697083,0.342667,4451,4316.19954506605
"3","1","9","0","6",0,"2",0.659167,0.611121,0.799167,0.281104,5976,5864.59507435898
"1","1","2","1","1",0,"1",0.28,0.273391,0.507826,0.229083,3129,3181.34802049062
"4","1","11","0","2",1,"2",0.343333,0.323225,0.662917,0.342046,4094,4313.08755478884
"3","1","8","0","3",1,"1",0.706667,0.654037,0.619583,0.169771,7347,7308.05035501854
"4","1","12","0","5",1,"1",0.281667,0.294192,0.642917,0.131229,5611,5325.42964509562
"3","0","9","0","3",1,"2",0.595,0.550533,0.9,0.0964042,4352,4002.64607900433
"3","0","6","0","0",0,"1",0.68,0.637629,0.513333,0.0945333,5305,5179.89505270995
"2","1","4","1","1",0,"1",0.664167,0.614925,0.561667,0.284829,6370,6369.73124916389
"4","0","10","0","0",0,"1",0.319167,0.321329,0.62375,0.176617,3331,3474.43884748976
"2","0","4","0","6",0,"2",0.315,0.315637,0.65375,0.197146,2252,2371.32952857143
"1","1","1","0","2",1,"1",0.3425,0.349108,0.835833,0.123767,4339,4036.44214646477
"4","0","10","0","6",0,"3",0.254167,0.227913,0.8825,0.351371,627,1238.69066666667
"3","0","8","0","4",1,"1",0.711667,0.662258,0.654583,0.233208,3805,4259.04604386291
"2","0","5","0","4",1,"2",0.530833,0.510742,0.829583,0.108213,4575,4399.53272219447
"1","0","1","0","6",0,"2",0.165,0.162254,0.535833,0.266804,959,1162.93898472317
"3","0","8","0","3",1,"2",0.731667,0.679937,0.6575,0.135583,3574,4108.25193290043
"3","0","7","0","5",1,"2",0.709167,0.670483,0.757917,0.225129,4040,4213.58858513708
"1","1","1","0","6",0,"1",0.393333,0.390779,0.531667,0.174758,4521,4448.87724793182
"2","0","4","0","1",1,"1",0.606667,0.5745,0.776667,0.185333,4073,4126.55413784271
"3","1","8","0","1",1,"2",0.635833,0.595967,0.734167,0.129979,6530,6299.31177778888
"2","0","6","0","3",1,"1",0.775833,0.727279,0.622083,0.136817,4401,4497.09652670867
"1","1","1","0","4",1,"2",0.341667,0.35605,0.769583,0.0733958,4075,3877.47279436981
"3","1","8","0","5",1,"2",0.7025,0.6471,0.615,0.0721458,7582,7368.35337848818
"4","0","10","0","4",1,"2",0.589167,0.551804,0.896667,0.141787,2913,3390.74716190476
"2","1","6","0","3",1,"1",0.554167,0.542292,0.61125,0.077125,7055,7093.55604305711
"2","0","4","0","2",1,"2",0.505833,0.489258,0.665833,0.157971,3204,3704.38658366633
"4","1","11","0","6",0,"2",0.343333,0.323846,0.49125,0.270529,5138,5068.01297608144
"1","0","1","0","5",1,"2",0.196522,0.208839,0.498696,0.168726,1510,1503.84819863105
"2","0","4","0","5",1,"2",0.336667,0.321954,0.729583,0.219521,1683,2124.64945786436
"1","0","1","0","4",1,"1",0.195,0.2197,0.6875,0.113837,431,1009.69806284271
"2","1","6","0","2",1,"2",0.540833,0.525892,0.613333,0.209575,7001,6569.48287142857
"2","1","4","0","1",1,"2",0.321667,0.301125,0.766667,0.303496,3214,3643.0665004662
"1","1","2","0","5",1,"1",0.313333,0.309346,0.526667,0.178496,4151,4028.68649176311
"2","0","5","0","1",1,"1",0.5775,0.550512,0.787917,0.126871,3958,4236.76254125711
"1","1","2","0","0",0,"2",0.265833,0.264521,0.687917,0.175996,2947,2890.88616969697
"4","1","11","0","5",1,"1",0.345,0.347204,0.524583,0.171025,5698,5561.20244569764
"3","0","8","0","3",1,"1",0.656667,0.611121,0.597917,0.0833333,5058,5072.01878888414
"3","1","7","0","6",0,"2",0.703333,0.666042,0.699167,0.143679,6969,6753.89557715227
"4","0","11","0","5",1,"2",0.403333,0.403392,0.6225,0.271779,4046,3793.73028851541
"1","1","3","0","3",1,"1",0.404167,0.3851,0.513333,0.345779,4916,4565.83389954683
"4","0","9","0","5",1,"2",0.609167,0.522125,0.9725,0.0783667,2395,3124.83842536908
"2","0","6","0","2",1,"1",0.7075,0.65595,0.597917,0.187808,4833,4846.00082899469
"3","1","8","0","3",1,"1",0.685,0.635733,0.552083,0.112562,7697,7460.75561033969
"3","0","9","0","1",1,"2",0.549167,0.529675,0.69,0.151742,4539,4451.6503972028
"2","1","5","0","4",1,"2",0.56,0.537242,0.768333,0.133696,6421,6145.82051954712
"4","0","11","0","1",1,"1",0.53,0.524612,0.587083,0.306596,4486,4425.1807909588
"3","0","6","0","5",1,"1",0.724167,0.656583,0.573333,0.222025,4991,4941.99147079317
"3","0","9","0","0",0,"1",0.5075,0.490537,0.695,0.178483,4274,4508.73904382807
"2","0","6","0","3",1,"1",0.626667,0.587754,0.471667,0.167912,5180,5135.25309955746
"4","0","11","0","2",1,"2",0.53,0.507579,0.68875,0.199633,4195,4174.2325504662
"4","0","11","1","4",0,"1",0.373333,0.372471,0.549167,0.167304,1495,2513.79855897436
"4","1","12","0","0",0,"2",0.3475,0.359208,0.823333,0.124379,4649,4391.05383809524
"1","1","12","0","5",1,"2",0.253333,0.255046,0.59,0.155471,3095,2942.80141715241
"1","0","1","0","2",1,"1",0.2,0.212122,0.590435,0.160296,1562,1502.52008237829
"2","0","5","0","0",0,"1",0.528333,0.518933,0.631667,0.0746375,4333,4655.48008472116
"4","0","11","0","2",1,"2",0.458333,0.451375,0.830833,0.258092,2914,3072.81220213675
"2","1","5","0","6",0,"1",0.6,0.566908,0.45625,0.083975,8294,7759.9483632018
"1","1","1","0","1",1,"2",0.224167,0.247479,0.701667,0.0989,2376,2599.03106597026
"2","0","5","0","4",1,"1",0.459167,0.441917,0.444167,0.295392,4433,4243.01810597572
"4","0","10","0","0",0,"1",0.511667,0.503154,0.486667,0.281717,5041,4917.9821130155
"3","0","8","0","0",0,"1",0.707059,0.647959,0.561765,0.304659,4334,4583.06382781279
"4","1","12","0","1",1,"2",0.435833,0.435575,0.925,0.190308,5170,4762.38835555555
"1","1","1","0","0",0,"2",0.1625,0.16225,0.79625,0.199638,1977,2136.49654761905
"2","0","3","0","6",0,"1",0.265833,0.257571,0.394167,0.209571,2496,2361.348629329
"3","0","8","0","1",1,"1",0.771667,0.703292,0.550833,0.156717,4266,4427.9595388737
"2","1","4","0","5",1,"1",0.4425,0.431808,0.408333,0.155471,6398,6283.57184686825
"4","0","12","0","6",0,"1",0.275,0.266412,0.5075,0.233221,3190,3198.23787440174
"3","0","8","0","4",1,"2",0.71,0.664788,0.7575,0.19715,4576,4351.6259461039
"3","0","9","0","5",1,"2",0.469167,0.461475,0.590417,0.164183,4760,4427.54585466201
"2","0","3","0","1",1,"1",0.264348,0.257574,0.302174,0.212204,2028,2239.46002197802
"2","1","5","0","5",1,"1",0.533333,0.520833,0.360417,0.236937,7030,6789.96156978233
"1","1","3","0","5",1,"2",0.353333,0.359842,0.657083,0.144904,3194,3656.38249648974
"1","1","1","0","4",1,"1",0.265833,0.278412,0.524167,0.129987,3272,3365.44965097415
"2","1","6","0","4",1,"1",0.6025,0.569442,0.567083,0.15735,7494,7415.21961313311
"2","1","6","0","3",1,"1",0.655833,0.611117,0.582083,0.343279,7421,7122.46263106047
"1","1","1","0","0",0,"1",0.2825,0.272721,0.31125,0.24005,3243,3225.12922490746
"4","1","11","0","1",1,"2",0.380833,0.375621,0.623333,0.235067,5499,5198.07282374488
"4","0","12","0","4",1,"1",0.3125,0.305554,0.524583,0.220158,3727,3545.45486567158
"3","1","9","1","1",0,"1",0.7075,0.661629,0.790833,0.151121,6034,6145.38562156863
"4","0","10","0","6",0,"2",0.41,0.412863,0.75375,0.292296,2429,2881.62479230769
"2","1","3","0","0",0,"2",0.4375,0.437488,0.880833,0.220775,4996,4676.69121111111
"1","1","3","0","1",1,"1",0.243333,0.241171,0.50625,0.228858,3333,3122.63025644645
"3","1","7","1","3",0,"1",0.789167,0.732337,0.53875,0.13495,7403,6806.6217404762
"1","1","2","0","3",1,"1",0.469167,0.466538,0.507917,0.189067,4579,4874.15306148459
"4","0","10","0","1",1,"2",0.384167,0.392046,0.760833,0.0833458,3570,3570.98519169001
"1","0","1","0","2",1,"2",0.169091,0.191464,0.686364,0.122132,1263,1276.56504063948
"2","0","5","0","6",0,"2",0.520833,0.500629,0.9225,0.13495,3409,3568.00952775003
"4","1","11","0","6",0,"1",0.325,0.326383,0.545417,0.179729,5629,5331.72987398258
"2","0","4","0","0",0,"2",0.426667,0.426737,0.8575,0.146767,2895,2981.90662222222
"1","0","2","0","6",0,"1",0.2825,0.282192,0.537917,0.186571,1969,1898.41925869408
"3","0","9","0","4",1,"3",0.633913,0.555361,0.939565,0.192748,1842,2710.85101726191
"3","1","9","0","3",1,"1",0.599167,0.570075,0.577083,0.131846,7870,7716.65219117725
"3","0","8","0","6",0,"1",0.6975,0.648996,0.674167,0.104467,5191,5118.53600728618
"1","0","2","0","3",1,"1",0.221739,0.245717,0.423043,0.094113,1917,1879.11153419914
"3","0","8","0","6",0,"2",0.685833,0.645858,0.729583,0.211454,4150,4284.00722839938
"1","1","3","0","6",0,"2",0.414167,0.413492,0.62125,0.161079,4066,4259.8619
"4","1","10","0","0",0,"2",0.4775,0.467771,0.694583,0.398008,4459,4889.54700854701
"4","1","11","0","0",0,"1",0.420833,0.421713,0.659167,0.1275,6852,6145.95300793651
"3","0","9","0","4",1,"1",0.655,0.614921,0.639167,0.141796,5115,5000.41975353616
"4","1","10","0","5",1,"1",0.615,0.580187,0.6275,0.10635,8156,7779.66609106266
"3","0","9","0","4",1,"2",0.5775,0.553671,0.709167,0.271146,3659,3961.41117998668
"4","1","11","1","4",0,"1",0.34,0.350371,0.580417,0.0528708,2425,3521.78445969586
"1","0","1","0","0",0,"1",0.138333,0.116175,0.434167,0.36195,822,1124.91500111833
"3","0","8","0","6",0,"2",0.68,0.635556,0.85,0.375617,1115,2366.67969545454
"2","0","5","0","4",1,"1",0.708333,0.654688,0.6775,0.199642,4677,4701.2585281488
"4","0","10","0","6",0,"1",0.506667,0.498725,0.483333,0.258083,5217,5084.9312174222
"2","1","6","0","1",1,"2",0.720833,0.659721,0.587917,0.207713,6664,6506.84032136753
"3","1","8","0","3",1,"1",0.7175,0.667308,0.6775,0.141179,7580,7291.36512716685
"1","0","12","0","3",1,"1",0.29913,0.279974,0.503913,0.293961,2302,2120.58596031746
"1","0","1","0","4",1,"1",0.204348,0.233209,0.518261,0.0895652,1606,1552.43450099301
"1","0","12","1","1",0,"1",0.321739,0.315535,0.506957,0.239465,1317,1743.43483650794
"3","1","7","0","1",1,"1",0.781667,0.702038,0.447083,0.195267,6227,6367.31442766158
"1","1","3","0","4",1,"1",0.485833,0.475371,0.615417,0.226987,4990,5275.14997552611
"2","1","6","0","0",0,"1",0.6025,0.575133,0.493333,0.184087,7641,7453.03690727276
"4","0","12","0","3",1,"2",0.3175,0.338362,0.66375,0.0609583,3740,3627.4516812449
"4","1","11","0","5",1,"1",0.368333,0.378779,0.56875,0.148021,3910,4676.48219597292
"1","1","1","0","6",0,"1",0.315833,0.326379,0.543333,0.210829,4023,3892.87878285246
"1","0","1","0","1",1,"1",0.150833,0.150888,0.482917,0.223267,1321,1485.59137133933
"1","0","1","0","3",1,"1",0.172727,0.160473,0.599545,0.304627,1162,1546.8417854086
"1","0","1","0","4",1,"1",0.165,0.150883,0.470417,0.301,1406,1469.14497400889
"1","0","1","0","5",1,"1",0.16087,0.188413,0.537826,0.126548,1421,1490.27271239272
"1","0","1","1","1",0,"2",0.175833,0.176771,0.5375,0.194017,1000,1440.13437969165
"1","0","1","0","0",0,"1",0.0965217,0.0988391,0.436522,0.2466,986,1165.56614808802
"1","0","1","0","1",1,"1",0.0973913,0.11793,0.491739,0.15833,1416,1430.18626273449
"1","0","1","0","3",1,"3",0.2175,0.2036,0.8625,0.29385,506,1207.59662491076
"1","0","1","0","0",0,"1",0.216522,0.250322,0.722174,0.0739826,1096,1492.36893152958
"1","0","2","0","6",0,"2",0.233333,0.243058,0.929167,0.161079,1005,1344.05659126984
"1","0","2","0","1",1,"1",0.271667,0.303658,0.738333,0.0454083,1712,2130.21818506493
"1","0","2","0","2",1,"1",0.266087,0.254274,0.314348,0.291374,1815,1934.23647633478
"1","0","2","0","3",1,"1",0.318261,0.3162,0.423478,0.251791,2115,2038.6188588108
"1","0","2","0","6",0,"1",0.399167,0.391404,0.187917,0.507463,1635,2376.38687255539
"1","0","2","1","1",0,"2",0.303333,0.284075,0.605,0.307846,1107,1806.28074908104
"1","0","2","0","4",1,"2",0.295652,0.289191,0.697391,0.250496,1807,1764.64854516595
"1","0","2","0","1",1,"2",0.407273,0.400118,0.876364,0.289686,1446,2334.49649706083
"1","0","3","0","3",1,"1",0.335,0.320071,0.449583,0.307833,2134,2191.17954321789
"1","0","3","0","5",1,"2",0.261667,0.255679,0.610417,0.203346,1944,2030.96835701754
"1","0","3","0","6",0,"2",0.384167,0.378779,0.789167,0.251871,2077,1945.66521212121
"1","0","3","0","1",1,"1",0.261739,0.238461,0.551304,0.341352,1872,1890.7497
"1","0","3","0","2",1,"1",0.2925,0.3024,0.420833,0.12065,2133,2164.76076623377
"1","0","3","0","3",1,"2",0.295833,0.286608,0.775417,0.22015,1891,1833.62242123111
"1","0","3","0","5",1,"2",0.316522,0.305,0.649565,0.23297,1977,2000.94935398724
"1","0","3","0","2",1,"2",0.317391,0.318178,0.655652,0.184309,2056,1920.1626111301
"1","0","3","0","4",1,"1",0.415,0.410333,0.602917,0.209579,2744,2733.69049401155
"1","0","3","0","6",0,"1",0.4725,0.466525,0.379167,0.368167,3117,3740.93106064214
"2","0","3","0","1",1,"2",0.430435,0.409735,0.737391,0.288783,2077,2890.52251723511
"2","0","3","0","3",1,"2",0.346957,0.337939,0.839565,0.234261,2121,2210.35737996127
"2","0","3","0","2",1,"1",0.3025,0.292908,0.314167,0.226996,2425,2525.92650194805
"2","0","3","0","4",1,"3",0.268333,0.257575,0.918333,0.217646,1685,1683.97207575757
"2","0","4","0","1",1,"1",0.573333,0.542929,0.42625,0.385571,3115,4173.80757660428
"2","0","4","0","2",1,"2",0.414167,0.39835,0.642083,0.388067,1795,2768.77905714286
"2","0","4","0","3",1,"1",0.390833,0.387608,0.470833,0.263063,2808,3226.98822857143
"2","0","4","0","5",1,"2",0.335833,0.324479,0.83625,0.226992,1471,2210.12251341991
"2","0","4","0","1",1,"2",0.595652,0.565217,0.716956,0.324474,3348,4071.10831288711
"2","0","4","0","2",1,"2",0.5025,0.493054,0.739167,0.274879,2034,3940.11775812521
"2","0","4","0","0",0,"1",0.456667,0.445696,0.479583,0.303496,3744,3763.72774365079
"2","0","4","0","6",0,"2",0.46,0.450121,0.887917,0.230725,4036,3027.27403809524
"2","0","4","0","4",1,"2",0.6175,0.578929,0.700833,0.320908,4058,4058.87524622045
"2","0","4","0","6",0,"1",0.4725,0.464021,0.503333,0.235075,5312,4303.26777590188
"2","0","5","0","2",1,"2",0.561667,0.538529,0.837917,0.277354,4123,4196.6073023532
"2","0","5","0","0",0,"1",0.604167,0.5745,0.749583,0.148008,4660,4739.27965456243
"2","0","5","0","2",1,"2",0.66,0.604813,0.740833,0.207092,4492,4497.50340458986
"2","0","5","0","0",0,"1",0.6675,0.61555,0.81875,0.213938,4788,4466.0205531746
"2","0","5","0","2",1,"1",0.775,0.725383,0.636667,0.111329,3982,4631.59028305788
"2","0","6","0","3",1,"2",0.764167,0.720967,0.677083,0.207092,3974,4334.48019804927
"2","0","6","0","4",1,"1",0.715,0.643942,0.305,0.292287,4968,4981.0195424812
"2","0","6","0","5",1,"1",0.62,0.587133,0.354167,0.253121,5312,5112.67744522845
"2","0","6","0","6",0,"1",0.635,0.594696,0.45625,0.123142,5342,5358.20893160598
"2","0","6","0","1",1,"1",0.678333,0.621858,0.6,0.121896,4548,4857.63551109592
"2","0","6","0","4",1,"2",0.808333,0.757579,0.568333,0.149883,3915,4501.68697496124
"2","0","6","0","2",1,"1",0.604167,0.591546,0.507083,0.269283,4891,5120.27630323711
"2","0","6","0","0",0,"2",0.699167,0.645846,0.666667,0.102,4744,4850.87654069264
"2","0","6","0","1",1,"2",0.635,0.595346,0.74625,0.155475,4010,4474.83528951049
"3","0","6","0","2",1,"2",0.680833,0.637646,0.770417,0.171025,4835,4463.85526688312
"3","0","6","0","4",1,"2",0.728333,0.693833,0.703333,0.238804,4790,4288.72459869862
"3","0","6","0","1",1,"2",0.6825,0.637004,0.658333,0.107588,4708,4694.98274949495
"3","0","7","0","5",1,"1",0.7225,0.652162,0.39625,0.102608,5362,4967.80185194642
"3","0","7","0","0",0,"2",0.716667,0.668575,0.6825,0.228858,4649,4629.47548275613
"3","0","7","0","2",1,"1",0.746667,0.696338,0.590417,0.126258,4665,4584.68030084002
"3","0","7","0","4",1,"1",0.75,0.686871,0.65125,0.1592,4592,4592.50640254616
"3","0","7","0","0",0,"1",0.7475,0.690025,0.578333,0.183471,4881,4544.07190295628
"3","0","7","0","4",1,"1",0.680833,0.635104,0.47625,0.240667,5084,4973.6384329578
"3","0","7","0","5",1,"1",0.663333,0.624371,0.59125,0.182833,5538,4974.07250137966
"3","0","7","0","2",1,"1",0.776667,0.747479,0.650417,0.1306,4541,4442.71686584724
"3","0","7","0","4",1,"2",0.815,0.826371,0.69125,0.222021,3784,4233.17096630324
"3","0","7","0","6",0,"1",0.849167,0.804287,0.5,0.131221,3285,4498.72187727697
"3","0","7","0","1",1,"1",0.743333,0.720958,0.757083,0.0908083,3840,4447.59612159091
"3","0","7","0","2",1,"1",0.771667,0.696979,0.540833,0.200258,4590,4604.29388896391
"3","0","7","0","5",1,"1",0.838333,0.785967,0.5425,0.174138,3846,4141.26863384393
"3","0","7","0","6",0,"1",0.804167,0.728537,0.465833,0.168537,4475,4802.95595606217
"3","0","8","0","4",1,"1",0.7175,0.651521,0.42375,0.164796,4792,5000.95566585065
"3","0","8","0","0",0,"2",0.676667,0.624388,0.8175,0.222633,3820,4094.05571767677
"3","0","8","0","1",1,"1",0.665833,0.616167,0.712083,0.208954,4338,4575.44618794105
"3","0","8","0","2",1,"1",0.700833,0.645837,0.578333,0.236329,4725,4760.69046782392
"3","0","8","0","3",1,"1",0.673333,0.630692,0.605,0.253108,5130,4737.40531830864
"3","0","8","0","4",1,"2",0.684167,0.645854,0.771667,0.210833,3542,4115.08539545454
"3","0","9","0","5",1,"2",0.643333,0.604808,0.727083,0.139929,4727,4443.50092536907
"3","0","9","0","6",0,"1",0.669167,0.633213,0.716667,0.185325,4484,5010.47223960182
"3","0","9","0","2",1,"3",0.54,0.5152,0.886957,0.343943,2710,3238.1724077381
"3","0","9","0","3",1,"3",0.599167,0.544229,0.917083,0.0970208,1996,3523.10367483767
"3","0","9","0","0",0,"1",0.653333,0.609229,0.71375,0.115054,5046,4924.52642716139
"3","0","9","0","3",1,"1",0.673333,0.6269,0.697083,0.1673,4785,4868.1330523762
"3","0","9","0","2",1,"2",0.561667,0.532217,0.88125,0.134954,3641,4129.4201523532
"3","0","9","0","4",1,"2",0.628333,0.554963,0.902083,0.128125,4795,3654.25239632035
"4","0","9","0","6",0,"2",0.606667,0.564412,0.8625,0.0783833,5423,4262.42362370962
"4","0","9","0","1",1,"2",0.649167,0.589042,0.848333,0.1107,4630,4263.76507909313
"4","0","9","0","4",1,"1",0.616667,0.574512,0.699167,0.172883,4839,4826.33718845679
"4","0","10","0","0",0,"2",0.356667,0.345317,0.791667,0.222013,2918,3196.72452368024
"4","0","10","0","3",1,"1",0.538333,0.527138,0.647917,0.17725,4826,4654.21888329806
"4","0","10","1","1",0,"1",0.570833,0.542925,0.73375,0.0423042,5117,4996.6353856685
"4","0","10","0","3",1,"3",0.541739,0.513848,0.895217,0.243339,2424,2936.11877083333
"4","0","10","0","1",1,"1",0.463333,0.457067,0.772083,0.118792,4187,4019.98569039433
"4","0","10","0","2",1,"1",0.471667,0.463375,0.622917,0.166658,4687,4333.91047938107
"4","0","11","0","3",1,"1",0.3775,0.390133,0.71875,0.0820917,4186,3482.47801024923
"4","0","11","0","0",0,"1",0.348333,0.362358,0.734583,0.0920542,3649,3413.94384590246
"4","0","11","0","1",1,"1",0.395,0.400871,0.75875,0.057225,4035,3766.66924883287
"4","0","11","0","2",1,"1",0.408333,0.412246,0.721667,0.0690375,4205,3729.68432056669
"4","0","11","0","3",1,"1",0.4,0.409079,0.758333,0.0621958,4109,3598.00795225167
"4","0","11","0","4",1,"2",0.38,0.373721,0.813333,0.189067,2933,3106.25522368024
"4","0","11","0","0",0,"1",0.440833,0.43055,0.458333,0.281721,3717,3837.94156849817
"4","0","11","0","6",0,"1",0.329167,0.324483,0.502083,0.224496,3663,3652.68915751862
"4","0","11","0","1",1,"3",0.4475,0.445062,0.91,0.138054,2765,2503.20130769231
"4","0","11","0","0",0,"1",0.459167,0.4558,0.698333,0.208954,3071,3992.92902101166
"4","0","11","0","1",1,"1",0.503478,0.490122,0.743043,0.142122,3867,4320.02952732243
"4","0","12","0","6",0,"1",0.299167,0.310604,0.612917,0.0957833,3614,3508.42791848543
"4","0","12","0","2",1,"3",0.4625,0.4564,0.949583,0.232583,2594,2801.21486329365
"4","0","12","0","3",1,"3",0.41,0.400246,0.970417,0.266175,705,2309.53433710016
"4","0","12","0","4",1,"1",0.265833,0.256938,0.58,0.240058,3322,3093.92348392555
"4","0","12","0","2",1,"1",0.2825,0.301138,0.59,0.14055,3523,3488.29453277115
"4","0","12","0","5",1,"2",0.375,0.359825,0.500417,0.260575,3577,3536.98406384008
"4","0","12","0","6",0,"2",0.258333,0.249371,0.560833,0.243167,2739,2706.07386304643
"4","0","12","0","0",0,"1",0.238333,0.245579,0.58625,0.169779,2431,2709.78071384008
"1","0","12","0","4",1,"1",0.248333,0.263892,0.574167,0.119412,2423,2054.24070555556
"1","0","12","0","5",1,"1",0.311667,0.318812,0.636667,0.134337,2999,2208.43636349206
"1","0","12","0","6",0,"1",0.41,0.414121,0.615833,0.220154,2485,2714.37863315296
"1","1","1","0","0",0,"1",0.37,0.375621,0.6925,0.192167,2294,3667.74052395382
"1","1","1","0","3",1,"2",0.274167,0.282821,0.8475,0.131221,2177,3126.22490341615
"1","1","1","0","6",0,"1",0.18,0.183087,0.4575,0.187183,2493,2395.94498888889
"1","1","1","0","0",0,"1",0.166667,0.161625,0.419167,0.251258,2311,2208.60804805195
"1","1","1","0","5",1,"2",0.2175,0.220958,0.45,0.20275,3163,2577.55193098857
"1","1","1","0","6",0,"2",0.173333,0.174875,0.83125,0.222642,1301,2061.75223174603
"1","1","1","0","1",1,"2",0.218333,0.243058,0.91125,0.110708,2432,2378.94651532091
"1","1","1","0","2",1,"1",0.39,0.381317,0.416667,0.261817,4509,4111.32944004249
"1","1","2","0","4",1,"2",0.399167,0.398971,0.672917,0.187187,3761,4069.91791406677
"1","1","2","0","6",0,"2",0.264167,0.272725,0.779583,0.121896,2832,3048.98303333333
"1","1","2","0","4",1,"1",0.265,0.261988,0.562083,0.194037,3830,3347.13993040028
"1","1","2","0","2",1,"2",0.319167,0.333946,0.50875,0.141179,3922,3890.87327019953
"1","1","2","0","3",1,"1",0.348333,0.351629,0.53125,0.1816,4169,4222.62783988721
"1","1","2","0","4",1,"2",0.316667,0.330162,0.752917,0.091425,3005,3762.44486385032
"1","1","2","0","6",0,"1",0.346667,0.355425,0.534583,0.190929,4318,4035.51074872547
"1","1","2","0","0",0,"2",0.28,0.265788,0.515833,0.253112,2689,3003.08735382396
"1","1","2","0","2",1,"1",0.287826,0.295113,0.594348,0.205717,3777,3861.28051307497
"1","1","2","0","3",1,"2",0.344348,0.34847,0.804783,0.179117,1834,3723.81697441182
"1","1","3","0","2",1,"1",0.258333,0.255042,0.456667,0.200875,3956,3133.73862643202
"1","1","3","0","4",1,"1",0.5275,0.524604,0.5675,0.441563,5382,5735.88982863966
"1","1","3","0","0",0,"1",0.361739,0.35967,0.476957,0.222587,4911,3874.70366624945
"2","1","3","0","3",1,"1",0.484167,0.47095,0.48125,0.291671,5698,5685.29944545618
"2","1","4","0","3",1,"1",0.541667,0.53345,0.469583,0.180975,6436,6608.33061204791
"2","1","4","0","6",0,"1",0.4375,0.426129,0.254167,0.274871,6857,5930.2444040293
"2","1","4","0","2",1,"1",0.446667,0.436233,0.435,0.249375,5918,5867.71971691709
"2","1","4","0","2",1,"1",0.608333,0.598487,0.390417,0.273629,6691,6574.91121623979
"2","1","4","0","6",0,"1",0.57,0.542921,0.682917,0.283587,6624,6433.73691344959
"2","1","4","0","0",0,"3",0.396667,0.389504,0.835417,0.344546,1027,3171.86086410256
"2","1","4","0","2",1,"1",0.413333,0.405283,0.454167,0.249383,5633,5614.03345012947
"2","1","4","0","3",1,"1",0.476667,0.470317,0.427917,0.118792,6196,6132.61928447509
"2","1","4","0","4",1,"2",0.498333,0.483583,0.756667,0.176625,5026,5485.3712496337
"2","1","5","0","1",1,"2",0.5375,0.527142,0.664167,0.230721,6273,5674.4430021978
"2","1","5","0","4",1,"1",0.505833,0.491783,0.552083,0.314063,6572,6167.64996978449
"2","1","5","0","3",1,"1",0.636667,0.595975,0.697917,0.122512,7424,6675.1888527589
"2","1","5","0","4",1,"1",0.593333,0.572613,0.52,0.229475,7384,6864.85899557778
"2","1","5","0","1",1,"2",0.598333,0.565667,0.81125,0.233204,4359,4771.54999267399
"2","1","5","0","4",1,"1",0.655,0.6067,0.716667,0.172896,6770,6431.40632489454
"2","1","5","0","0",0,"1",0.69,0.641425,0.697083,0.215171,6591,6260.43896656315
"2","1","5","1","1",0,"1",0.7125,0.6793,0.67625,0.196521,6043,6229.18786666667
"2","1","5","0","4",1,"1",0.68,0.631329,0.492917,0.195279,7338,6801.08712391578
"2","1","6","0","1",1,"1",0.5975,0.578283,0.487083,0.284833,6998,7075.23250487695
"2","1","6","0","0",0,"1",0.726667,0.663517,0.538333,0.133721,6598,6798.492427861
"2","1","6","0","0",0,"1",0.5925,0.571975,0.59875,0.144904,6978,7122.96979672188
"3","1","6","0","4",1,"1",0.805833,0.752542,0.567917,0.118787,5905,6222.215918557
"3","1","6","0","3",1,"1",0.6975,0.640792,0.36,0.271775,7335,7024.00207870664
"3","1","6","0","6",0,"1",0.765,0.687508,0.60125,0.161071,5687,6805.66937711145
"3","1","7","0","2",1,"1",0.780833,0.70265,0.492083,0.126237,6660,6577.29377316027
"3","1","7","0","4",1,"1",0.8275,0.761367,0.457917,0.194029,6241,6004.81522694008
"3","1","7","0","4",1,"1",0.77,0.714642,0.600417,0.165429,6591,6731.95326981165
"3","1","7","0","5",1,"2",0.665833,0.613025,0.844167,0.208967,5870,5425.78761169941
"3","1","7","0","3",1,"1",0.724167,0.654054,0.45,0.1648,8173,6911.06146717357
"3","1","7","0","2",1,"1",0.713333,0.662896,0.704167,0.165425,7216,6726.38407279527
"3","1","8","0","4",1,"1",0.7525,0.707088,0.659583,0.129354,7261,7122.3635719678
"3","1","8","0","5",1,"2",0.765833,0.722867,0.6425,0.215792,7175,6421.71816945277
"3","1","8","0","5",1,"2",0.715833,0.667942,0.715833,0.238813,5786,6271.56418850039
"3","1","8","0","2",1,"1",0.726667,0.676779,0.686667,0.169158,6784,6887.71027902555
"3","1","8","0","4",1,"1",0.719167,0.654688,0.519167,0.141796,7605,7212.65898217833
"3","1","8","0","6",0,"1",0.678333,0.618071,0.603333,0.177867,7865,7082.80786853408
"3","1","8","0","3",1,"1",0.6675,0.621854,0.677083,0.0702833,7375,7318.09263008008
"3","1","8","0","6",0,"2",0.661667,0.618696,0.712917,0.244408,6053,6238.06962024642
"3","1","8","0","2",1,"1",0.728333,0.66605,0.62,0.190925,7040,6853.03040533062
"3","1","9","0","2",1,"1",0.725833,0.686888,0.755,0.236321,6864,6437.6437893897
"3","1","9","0","5",1,"1",0.633333,0.594083,0.6725,0.103863,8009,7601.53433246103
"3","1","9","0","1",1,"2",0.580833,0.55305,0.734583,0.151742,6869,6226.84605476191
"3","1","9","0","2",1,"2",0.623333,0.565067,0.8725,0.357587,4073,4922.05490952381
"3","1","9","0","6",0,"1",0.65,0.610488,0.646667,0.283583,8395,7183.85122273576
"4","1","9","0","0",0,"1",0.529167,0.518933,0.467083,0.223258,7907,7048.35566255836
"4","1","9","0","2",1,"1",0.55,0.544179,0.57,0.236321,7538,7178.82771590484
"4","1","9","0","4",1,"2",0.65,0.607975,0.690833,0.134342,7393,6729.16681978022
"4","1","9","0","5",1,"2",0.619167,0.585863,0.69,0.164179,7415,6761.24079761905
"4","1","9","0","6",0,"1",0.5425,0.530296,0.542917,0.227604,8555,7399.85390065359
"4","1","9","0","0",0,"1",0.526667,0.517663,0.583333,0.134958,6889,6936.91976097105
"4","1","10","0","1",1,"2",0.520833,0.512,0.649167,0.0908042,6778,6519.93287222222
"4","1","10","0","6",0,"1",0.554167,0.538521,0.664167,0.268025,7965,7000.59027128851
"4","1","10","0","2",1,"2",0.446667,0.438112,0.761667,0.1903,6392,4832.16156666667
"4","1","10","0","0",0,"1",0.521667,0.508204,0.640417,0.278612,6639,6484.96120065359
"4","1","10","0","1",1,"2",0.561667,0.53915,0.7075,0.296037,5875,5892.1081474359
"4","1","10","0","2",1,"1",0.468333,0.460846,0.558333,0.182221,7534,6479.68810679742
"4","1","10","0","3",1,"1",0.455833,0.450108,0.692917,0.101371,7461,6129.40934271709
"4","1","10","0","4",1,"2",0.5225,0.512625,0.728333,0.236937,7509,6312.03234871795
"4","1","10","0","6",0,"1",0.484167,0.472842,0.572917,0.117537,8090,6706.38019467787
"4","1","10","0","2",1,"1",0.544167,0.530304,0.641667,0.0945458,7466,6933.06386865043
"4","1","10","0","4",1,"2",0.55,0.529688,0.800417,0.124375,7359,6029.60371794872
"4","1","10","0","5",1,"2",0.545833,0.52275,0.807083,0.132467,7444,5789.36708461539
"4","1","10","0","3",1,"2",0.3575,0.3611,0.666667,0.166667,5566,4592.07300238095
"4","1","11","0","4",1,"2",0.365833,0.369942,0.581667,0.157346,5986,4660.52924900018
"4","1","11","0","0",0,"1",0.325833,0.329538,0.532917,0.179108,5107,4954.20507052033
"4","1","11","0","4",1,"2",0.321667,0.324492,0.620417,0.152987,5445,4626.80463784467
"4","1","11","0","2",1,"2",0.374167,0.380667,0.685,0.082725,5634,4496.74775130899
"4","1","11","0","6",0,"1",0.278333,0.248742,0.404583,0.376871,2277,4073.87697168942
"4","1","11","0","0",0,"1",0.245833,0.257583,0.468333,0.1505,2424,4163.05132138417
"4","1","11","0","3",1,"1",0.296667,0.289762,0.50625,0.210821,5260,5251.70285670265
"4","1","11","0","4",1,"1",0.28087,0.298422,0.555652,0.115522,5323,5030.50894842481
"4","1","12","0","1",1,"1",0.4525,0.455796,0.7675,0.0827208,6234,5676.09658388889
"4","1","12","0","6",0,"1",0.324167,0.338383,0.650417,0.10635,5047,5111.38912217688
"4","1","12","0","0",0,"2",0.3625,0.369938,0.83875,0.100742,3786,4321.04497142857
"4","1","12","0","2",1,"1",0.410833,0.409708,0.66625,0.221404,5557,5307.58316581196
"1","1","12","0","5",1,"2",0.326667,0.301767,0.556667,0.374383,3623,3579.66831904496
"1","1","12","0","0",0,"1",0.245833,0.259471,0.515417,0.133083,1787,2954.04496633366
"1","1","12","0","1",1,"2",0.231304,0.2589,0.791304,0.0772304,920,2870.72133913043
"1","1","12","1","2",0,"2",0.291304,0.294465,0.734783,0.168726,1013,3487.86963095238
"1","1","12","0","6",0,"2",0.253333,0.2424,0.752917,0.124383,1341,2629.44736666666
"1","1","12","0","1",1,"2",0.215833,0.223487,0.5775,0.154846,2729,2597.22007722567
